Customer_ID,Customer_Name,Stripe_ID,Revenue,Date
NET0902,Jamie Smith,PAY0713,4137.46955765496,01/03/2025
NET0389,Jordan Davis,PAY0621,950.2550744182452,02/03/2025
NET0262,Taylor Brown,PAY0012,3538.000828970875,03/03/2025
NET0468,Jamie Thomas,PAY0952,2011.8535811848285,04/03/2025
NET0986,Jamie Jackson,PAY0295,2762.4583516385946,05/03/2025
NET0012,Robin Smith,PAY0562,3942.0675523820814,06/03/2025
NET0232,Alex Johnson,PAY0784,2027.9274117188338,07/03/2025
NET0678,Taylor Davis,PAY0559,3266.725430994064,08/03/2025
NET0310,Avery Jackson,PAY0201,2135.0043741049235,09/03/2025
NET0472,Alex Thomas,PAY0861,2461.9600952261226,10/03/2025
NET0170,Taylor Thomas,,2736.282701488576,11/03/2025
NET0660,Robin Davis,PAY0496,4313.0034236869415,12/03/2025
NET0530,Riley Jackson,PAY0975,4042.173239133844,13/03/2025
NET0698,Jordan Smith,PAY0095,4281.712199199977,14/03/2025
NET0929,Morgan Taylor,PAY0536,2911.2531055760414,15/03/2025
NET0144,Casey Wilson,PAY0506,1793.1000157683932,16/03/2025
NET0207,Morgan Davis,PAY0066,713.8911250080256,17/03/2025
NET0550,Casey Johnson,PAY0638,4983.024620122039,18/03/2025
NET0645,Jamie Taylor,PAY0826,2309.123084848475,19/03/2025
NET0260,Jamie Moore,PAY0797,1516.486896653289,20/03/2025
NET0001,Casey Jackson,PAY0058,3842.9961153174545,21/03/2025
NET0275,Jordan Smith,PAY0236,913.8102585798556,22/03/2025
NET0742,Riley Thomas,PAY0190,4298.840978010518,23/03/2025
NET0603,Jamie Taylor,PAY0922,926.3012682154097,24/03/2025
NET0515,Jamie Thomas,PAY0772,2015.771275238262,25/03/2025
NET0123,Jordan Jackson,PAY0884,802.713994301314,26/03/2025
NET0565,Casey Jackson,PAY0059,4105.335521621901,27/03/2025
NET0829,Taylor Johnson,PAY0035,2638.707652106706,28/03/2025
NET0223,Alex Davis,PAY0827,1443.8262139478634,29/03/2025
NET0443,Jordan Johnson,PAY0229,4080.432872064241,30/03/2025
NET0858,Taylor Johnson,PAY0773,3431.9156609984134,31/03/2025
NET0910,Robin Wilson,PAY0665,1858.311565748437,01/04/2025
NET0771,Riley Moore,PAY0113,4118.570203703572,02/04/2025
NET0209,Morgan Moore,PAY0875,2448.0971804675096,03/04/2025
NET0991,Casey Davis,PAY0838,2929.7641061998033,04/04/2025
NET0854,Jordan Johnson,PAY0176,1400.3464345962857,05/04/2025
NET0582,Quinn Brown,PAY0599,2310.354300817039,06/04/2025
NET0082,Avery Davis,PAY1000,3312.3374418851845,07/04/2025
NET0933,Morgan Anderson,PAY0025,2539.528723970213,08/04/2025
NET0898,Robin Wilson,PAY0478,3935.489967197412,09/04/2025
NET0129,Avery Davis,PAY0647,1312.7038289907168,10/04/2025
NET0589,Casey Smith,PAY0824,583.7149495281108,11/04/2025
NET0217,Taylor Smith,PAY0182,3664.9924056456125,12/04/2025
NET0570,Casey Taylor,PAY0931,4382.194130416403,13/04/2025
NET0159,Jordan Johnson,PAY0639,3095.7948285819316,14/04/2025
NET0949,Taylor Jackson,PAY0750,1458.2876225831205,15/04/2025
NET0088,Casey Davis,PAY0204,4829.526835736528,16/04/2025
NET0647,Riley Taylor,PAY0180,3839.936049442466,17/04/2025
NET0609,Riley Brown,PAY0505,2602.8289102443437,18/04/2025
NET0444,Jordan Brown,PAY0974,4717.2331651350005,19/04/2025
NET0317,Taylor Thomas,PAY0581,2897.237007619445,20/04/2025
NET0672,Avery Wilson,PAY0022,3264.900340419157,21/04/2025
NET0785,Quinn Taylor,PAY0730,3961.036243146369,22/04/2025
NET0332,Quinn Taylor,PAY0196,2451.760181828303,23/04/2025
NET0019,Casey Davis,,3047.523992283402,24/04/2025
NET0507,Morgan Thomas,PAY0565,3320.4131220986505,25/04/2025
NET0202,Riley Johnson,PAY0606,2850.213135800631,26/04/2025
NET0537,Alex Johnson,PAY0888,2139.2360112159704,27/04/2025
NET0077,Morgan Brown,PAY0707,1164.846599710604,28/04/2025
NET0691,Robin Jackson,PAY0636,1177.1269430141956,29/04/2025
NET0363,Jamie Taylor,PAY0684,3583.879865295331,30/04/2025
NET0349,Robin Jackson,PAY0097,1851.240536559738,01/05/2025
NET0163,Riley Thomas,PAY0093,2459.2495288414593,02/05/2025
NET0786,Jordan Thomas,PAY0416,1933.939310691034,03/05/2025
NET0983,Alex Johnson,PAY0343,4235.964712501467,04/05/2025
NET0823,Avery Wilson,PAY0199,789.9238828768854,05/05/2025
NET0021,Casey Johnson,PAY0747,,06/05/2025
NET0677,Jordan Taylor,PAY0549,2355.9727087706806,07/05/2025
NET0280,Morgan Anderson,PAY0896,4206.698170242464,08/05/2025
NET0506,Alex Wilson,PAY0014,3407.191941310684,09/05/2025
NET0987,Avery Brown,PAY0435,1654.009856960528,10/05/2025
NET0188,Avery Johnson,PAY0207,3205.5452135397804,11/05/2025
NET0502,Jordan Thomas,PAY0593,2326.3967266170334,12/05/2025
NET0308,Quinn Davis,PAY0793,1011.0135948272803,13/05/2025
NET0118,Morgan Moore,PAY0485,1363.6220516612289,14/05/2025
NET0414,Morgan Thomas,PAY0653,1605.1397441826864,15/05/2025
NET0494,Avery Smith,PAY0074,4222.529708574954,16/05/2025
NET0239,Quinn Moore,PAY0432,2588.71865409777,17/05/2025
NET0351,Riley Smith,PAY0809,3019.212547397755,18/05/2025
NET0782,Jamie Moore,PAY0251,2462.598099552736,19/05/2025
NET0800,Jordan Davis,PAY0990,3411.149230416494,20/05/2025
NET0369,Alex Davis,PAY0869,666.5168062519822,21/05/2025
NET0206,Quinn Johnson,PAY0341,1217.1131985426234,22/05/2025
NET0960,Jamie Anderson,PAY0950,1113.9378296668706,23/05/2025
NET0655,Jamie Thomas,PAY0132,1662.7858136111067,24/05/2025
NET0418,Morgan Brown,PAY0438,4115.921823307677,25/05/2025
NET0493,Riley Thomas,PAY0685,3464.018206880819,26/05/2025
NET0525,Morgan Wilson,PAY0079,1291.9334985265298,27/05/2025
NET0521,Avery Jackson,PAY0710,4336.344578788025,28/05/2025
NET0294,Robin Davis,PAY0230,4837.041007363297,29/05/2025
NET0338,Avery Davis,PAY0362,2686.288844943433,30/05/2025
NET0411,Jordan Taylor,PAY0493,589.589336879348,31/05/2025
NET0016,Casey Anderson,PAY0302,4368.128013121148,01/06/2025
NET0765,Avery Anderson,PAY0151,877.6829347951071,02/06/2025
NET0557,Jamie Davis,PAY0306,3207.1988309987355,03/06/2025
NET0003,Taylor Johnson,PAY0619,4402.273008868975,04/06/2025
NET0538,Casey Smith,PAY0864,4552.586982383565,05/06/2025
NET0359,Quinn Thomas,PAY0535,2331.530832018551,06/06/2025
NET0378,Taylor Jackson,PAY0311,2135.4541035184584,07/06/2025
NET0449,Taylor Smith,PAY0216,3458.4377146194656,08/06/2025
NET0700,Jamie Smith,PAY0720,906.3783160301124,09/06/2025
NET0733,Taylor Johnson,PAY0442,4744.229639166199,10/06/2025
NET0063,Alex Moore,PAY0855,3759.055039229812,11/06/2025
NET0579,Jamie Thomas,PAY0895,1132.5206835730758,12/06/2025
NET0479,Taylor Wilson,PAY0703,1003.6956375046086,13/06/2025
NET0652,Riley Davis,PAY0417,3805.1618319088097,14/06/2025
NET0775,Avery Brown,PAY0583,4698.20951329836,15/06/2025
NET0989,Quinn Jackson,PAY0459,2848.8090149237,16/06/2025
NET0168,Riley Davis,PAY0893,4230.41712203539,17/06/2025
NET0324,Riley Taylor,,4773.535251528184,18/06/2025
NET0809,Taylor Johnson,PAY0925,4692.000313577582,19/06/2025
NET0936,Jamie Taylor,PAY0725,1633.136262998208,20/06/2025
NET0586,Casey Taylor,PAY0520,4480.541880474385,21/06/2025
NET0085,Robin Anderson,PAY0683,1571.3458485841447,22/06/2025
NET0396,Alex Johnson,PAY0676,1050.245750541679,23/06/2025
NET0893,Alex Taylor,PAY0567,4130.092605280477,24/06/2025
NET0810,Casey Johnson,PAY0558,1981.7865993492583,25/06/2025
NET0850,Taylor Davis,PAY0780,3129.4679926154286,26/06/2025
NET0251,Taylor Thomas,PAY0149,2254.778009848946,27/06/2025
NET0919,Riley Brown,PAY0042,3867.6840316341472,28/06/2025
NET0020,Robin Brown,PAY0900,1561.721356285739,29/06/2025
NET0926,Jordan Anderson,PAY0960,2402.910493172986,30/06/2025
NET0725,Taylor Johnson,PAY0594,1149.2505891670514,01/07/2025
NET0078,Riley Thomas,PAY0905,1288.1941494605603,02/07/2025
NET0391,Jamie Smith,PAY0279,4864.655641730599,03/07/2025
NET0927,Avery Smith,PAY0840,2477.6393572814013,04/07/2025
NET0339,Jamie Davis,PAY0409,1644.3766421306855,05/07/2025
NET0878,Morgan Taylor,PAY0776,3152.664249775293,06/07/2025
NET0255,Riley Anderson,PAY0198,2706.6136106894523,07/07/2025
NET0828,Taylor Taylor,PAY0511,2186.172430576978,08/07/2025
NET0971,Alex Brown,PAY0353,,09/07/2025
NET0996,Robin Smith,PAY0885,,10/07/2025
NET0256,Robin Wilson,PAY0344,2407.0159244302176,11/07/2025
NET0930,Riley Wilson,PAY0241,3572.3230139058833,12/07/2025
NET0276,Robin Thomas,PAY0167,4834.919029845311,13/07/2025
NET0697,Riley Brown,PAY0995,4457.450933972221,14/07/2025
NET0978,Taylor Wilson,PAY0244,4716.375311107203,15/07/2025
NET0345,Taylor Smith,PAY0712,2133.491055209174,16/07/2025
NET0305,Quinn Thomas,PAY0446,3720.52053104957,17/07/2025
NET0495,Alex Moore,PAY0938,4196.14414786377,18/07/2025
NET0903,Alex Smith,PAY0738,594.8339470050415,19/07/2025
NET0038,Quinn Anderson,,4850.623217027875,20/07/2025
NET0405,Avery Thomas,PAY0573,3226.166297917384,21/07/2025
NET0803,Morgan Smith,PAY0915,4286.628349330453,22/07/2025
NET0621,Avery Johnson,PAY0037,3480.0054549815945,23/07/2025
NET0157,Morgan Johnson,,4733.817243918967,24/07/2025
NET0403,Quinn Johnson,PAY0688,3608.0710487705305,25/07/2025
NET0773,Taylor Taylor,,4049.6121981903434,26/07/2025
NET0558,Jamie Jackson,PAY0174,1578.541231441669,27/07/2025
NET0682,Taylor Jackson,PAY0716,2987.27556490232,28/07/2025
NET0365,Quinn Smith,PAY0538,1891.7082576101327,29/07/2025
NET0311,Quinn Johnson,PAY0152,4813.176253086146,30/07/2025
NET0128,Robin Jackson,PAY0983,2132.8479428902783,31/07/2025
NET0706,Quinn Thomas,PAY0908,4155.126345035564,01/08/2025
NET0318,Casey Wilson,PAY0444,1049.241959356502,02/08/2025
NET0216,Taylor Moore,PAY0222,4401.288208095122,03/08/2025
NET0104,Taylor Wilson,PAY0181,4359.412126174662,04/08/2025
NET0859,Robin Brown,PAY0148,2248.1195668533255,05/08/2025
NET0052,Jordan Anderson,PAY0225,4594.050949986024,06/08/2025
NET0087,Casey Johnson,PAY0981,2268.390057040626,07/08/2025
NET0261,Alex Anderson,PAY0949,4900.967844804153,08/08/2025
NET0235,Quinn Jackson,PAY0329,1649.9016050547114,09/08/2025
NET0440,Jamie Johnson,PAY0290,906.1264746893254,10/08/2025
NET0337,Avery Davis,PAY0195,4202.184765823227,11/08/2025
NET0937,Avery Wilson,PAY0277,1559.572047281288,12/08/2025
NET0601,Morgan Moore,PAY0530,1446.7392106903735,13/08/2025
NET0271,Jamie Davis,PAY0755,4506.110274948347,14/08/2025
NET0715,Casey Wilson,PAY0373,4621.508605590509,15/08/2025
NET0037,Morgan Anderson,PAY0923,3341.087161953222,16/08/2025
NET0282,Avery Wilson,PAY0324,4457.602613829932,17/08/2025
NET0203,Quinn Thomas,PAY0731,3950.334052741026,18/08/2025
NET0880,Alex Thomas,PAY0533,2328.29967179841,19/08/2025
NET0651,Jordan Johnson,PAY0316,652.4675654855691,20/08/2025
NET0289,Morgan Wilson,PAY0948,4399.000647369217,21/08/2025
NET0102,Jamie Johnson,PAY0057,,22/08/2025
NET0027,Avery Brown,PAY0153,4732.229390834372,23/08/2025
NET0833,Jordan Wilson,PAY0082,2619.9107752460154,24/08/2025
NET0408,Quinn Davis,PAY0264,2358.325933435838,25/08/2025
NET0230,Casey Davis,PAY0764,4285.235598662868,26/08/2025
NET0518,Jordan Thomas,PAY0909,,27/08/2025
NET0458,Riley Wilson,PAY0916,4445.425522576703,28/08/2025
NET0564,Alex Johnson,PAY0083,4191.085897026807,29/08/2025
NET0174,Robin Wilson,PAY0129,4209.803895812816,30/08/2025
NET0240,Alex Smith,PAY0682,3643.16984395955,31/08/2025
NET0018,Casey Brown,PAY0782,2778.5053126413563,01/09/2025
NET0390,Jordan Brown,PAY0372,2083.3535596275133,02/09/2025
NET0110,Riley Thomas,PAY0351,3209.5217390473344,03/09/2025
NET0808,Robin Thomas,PAY0205,4160.42621780019,04/09/2025
NET0220,Alex Johnson,PAY0591,3820.034842718076,05/09/2025
NET0872,Jamie Brown,PAY0965,2539.6778891119766,06/09/2025
NET0723,Avery Smith,PAY0767,623.0790200001707,07/09/2025
NET0302,Casey Jackson,PAY0355,734.4447030587311,08/09/2025
NET0954,Avery Brown,PAY0986,3387.1663013609373,09/09/2025
NET0409,Robin Brown,PAY0317,3335.703536833244,10/09/2025
NET0781,Alex Wilson,,4059.5869301627918,11/09/2025
NET0421,Casey Smith,PAY0447,1112.4150046247323,12/09/2025
NET0614,Casey Davis,PAY0405,2302.9783248926615,13/09/2025
NET0964,Taylor Johnson,PAY0052,3327.333229593664,14/09/2025
NET0099,Casey Thomas,PAY0934,,15/09/2025
NET0487,Robin Jackson,PAY0387,870.0442314053093,16/09/2025
NET0764,Morgan Davis,PAY0099,1210.2009774984122,17/09/2025
NET0834,Morgan Brown,PAY0218,2823.646509729607,18/09/2025
NET0327,Robin Smith,PAY0890,4863.4906407761055,19/09/2025
NET0011,Morgan Moore,PAY0273,4237.796216616873,20/09/2025
NET0370,Robin Davis,PAY0679,3934.232164810734,21/09/2025
NET0265,Jordan Brown,PAY0652,4311.321934111957,22/09/2025
NET0673,Jamie Taylor,PAY0348,3585.8902025701323,23/09/2025
NET0323,Alex Anderson,PAY0956,4066.8903270913806,24/09/2025
NET0729,Taylor Davis,PAY0283,1937.2960815705696,25/09/2025
NET0442,Riley Moore,PAY0248,2652.644659808101,26/09/2025
NET0127,Jordan Davis,PAY0390,3808.2744896471063,27/09/2025
NET0985,Taylor Smith,,1673.059458141443,28/09/2025
NET0134,Taylor Taylor,PAY0486,3593.6009225889434,29/09/2025
NET0504,Casey Wilson,PAY0812,4220.458742038249,30/09/2025
NET0817,Jamie Wilson,PAY0585,4097.879005730807,01/10/2025
NET0032,Casey Thomas,PAY0833,1393.9867383226397,02/10/2025
NET0081,Robin Thomas,PAY0509,2365.2339104875773,03/10/2025
NET0195,Casey Smith,PAY0266,1318.5016421282573,04/10/2025
NET0029,Jamie Wilson,PAY0477,4443.75505818382,05/10/2025
NET0105,Morgan Jackson,PAY0963,4751.407196790395,06/10/2025
NET0358,Jordan Smith,PAY0510,4479.536436995548,07/10/2025
NET0132,Jamie Jackson,PAY0091,1510.1921006538405,08/10/2025
NET0974,Robin Moore,PAY0382,4766.491477216522,09/10/2025
NET0109,Casey Taylor,PAY0110,4654.005583475418,10/10/2025
NET0900,Quinn Thomas,PAY0175,3411.9801018686157,11/10/2025
NET0913,Jamie Taylor,PAY0618,3319.823108830918,12/10/2025
NET0321,Quinn Davis,PAY0008,4580.801512303908,13/10/2025
NET0569,Jordan Smith,PAY0735,4883.574072874427,14/10/2025
NET0372,Robin Smith,PAY0260,1392.1979120226515,15/10/2025
NET0970,Avery Thomas,PAY0186,3655.675193915061,16/10/2025
NET0835,Taylor Moore,PAY0744,1259.401803642685,17/10/2025
NET0048,Robin Johnson,PAY0704,2304.657099999623,18/10/2025
NET0541,Casey Jackson,PAY0808,2430.06515653258,19/10/2025
NET0360,Casey Johnson,PAY0971,1670.7100098701594,20/10/2025
NET0908,Jordan Thomas,PAY0835,900.7757031258037,21/10/2025
NET0122,Jordan Taylor,PAY0338,2155.6406934973074,22/10/2025
NET0182,Casey Taylor,PAY0959,4762.595788036235,23/10/2025
NET0580,Jordan Thomas,PAY0359,1028.077334638812,24/10/2025
NET0410,Morgan Davis,PAY0928,3733.625407265645,25/10/2025
NET0320,Robin Taylor,PAY0553,2458.2143089183937,26/10/2025
NET0886,Morgan Jackson,PAY0213,4639.950720051541,27/10/2025
NET0708,Quinn Wilson,PAY0659,2541.685392876405,28/10/2025
NET0532,Robin Thomas,PAY0249,3531.245192316701,29/10/2025
NET0720,Alex Wilson,PAY0389,1033.3055705590377,30/10/2025
NET0749,Jordan Davis,PAY0460,3711.0367038410463,31/10/2025
NET0138,Robin Jackson,PAY0347,1357.4487437101857,01/11/2025
NET0613,Quinn Moore,PAY0570,4378.715259286432,02/11/2025
NET0669,Riley Anderson,PAY0166,4019.5487454378067,03/11/2025
NET0044,Riley Davis,PAY0271,1795.8288778289675,04/11/2025
NET0433,Avery Anderson,PAY0051,2723.756709838888,05/11/2025
NET0814,Morgan Johnson,PAY0644,1085.8969907528804,06/11/2025
NET0997,Jordan Thomas,PAY0944,4353.519774449816,07/11/2025
NET0644,Quinn Moore,PAY0020,3200.372539237512,08/11/2025
NET0451,Jamie Davis,PAY0299,4978.433524879813,09/11/2025
NET0962,Jordan Davis,,1773.3526026471425,10/11/2025
NET0946,Taylor Brown,PAY0673,3547.348930330085,11/11/2025
NET0051,Alex Smith,PAY0801,2382.4894600485595,12/11/2025
NET0402,Taylor Anderson,PAY0939,2338.35845862393,13/11/2025
NET0259,Quinn Johnson,PAY0388,1156.7428345194385,14/11/2025
NET0975,Riley Taylor,PAY0883,1805.8683268172795,15/11/2025
NET0257,Quinn Davis,PAY0951,1678.0975875234997,16/11/2025
NET0638,Robin Anderson,PAY0114,3279.561080257558,17/11/2025
NET0941,Robin Davis,PAY0798,4582.977057378223,18/11/2025
NET0667,Morgan Smith,PAY0420,2163.3698278893817,19/11/2025
NET0863,Jamie Taylor,PAY0063,3579.201887641549,20/11/2025
NET0793,Taylor Brown,,,21/11/2025
NET0980,Avery Anderson,PAY0430,546.4410901812257,22/11/2025
NET0881,Alex Thomas,PAY0237,1099.4222121052117,23/11/2025
NET0822,Taylor Johnson,,1954.6069084465223,24/11/2025
NET0527,Riley Brown,PAY0862,3618.6060107424573,25/11/2025
NET0862,Riley Thomas,PAY0811,3590.8360217137597,26/11/2025
NET0106,Avery Jackson,PAY0790,3710.0117707679387,27/11/2025
NET0736,Casey Anderson,PAY0947,3688.039249962637,28/11/2025
NET0539,Quinn Thomas,PAY0481,3812.4684742643067,29/11/2025
NET0757,Robin Thomas,PAY0517,1653.0151726957429,30/11/2025
NET0350,Riley Brown,PAY0154,928.75739936903,01/12/2025
NET0925,Riley Anderson,PAY0936,764.3854114003982,02/12/2025
NET0918,Jordan Davis,PAY0263,1997.881432546606,03/12/2025
NET0571,Jordan Thomas,,1556.7864784538435,04/12/2025
NET0461,Riley Davis,,4587.019418137949,05/12/2025
NET0848,Jordan Anderson,PAY0404,4985.327465300896,06/12/2025
NET0031,Jamie Wilson,PAY0539,4726.948730785861,07/12/2025
NET0820,Taylor Wilson,PAY0076,4852.444299385832,08/12/2025
NET0728,Casey Moore,,3192.0442968088896,09/12/2025
NET0658,Avery Johnson,PAY0111,3867.0882816935946,10/12/2025
NET0744,Morgan Brown,PAY0021,704.8034222731321,11/12/2025
NET0505,Taylor Taylor,PAY0697,1641.4559727194828,12/12/2025
NET0221,Morgan Davis,PAY0604,3288.460446255054,13/12/2025
NET0248,Jamie Taylor,PAY0047,1861.2831003878816,14/12/2025
NET0010,Robin Moore,PAY0993,2276.135664587312,15/12/2025
NET0319,Avery Anderson,PAY0542,2169.055458866597,16/12/2025
NET0552,Robin Smith,PAY0427,4856.260147057598,17/12/2025
NET0478,Taylor Taylor,PAY0350,3018.0217488487247,18/12/2025
NET0041,Robin Jackson,PAY0622,3112.191094511561,19/12/2025
NET0067,Alex Jackson,PAY0107,1671.312434706086,20/12/2025
NET0108,Robin Anderson,PAY0184,2766.8602482809065,21/12/2025
NET0612,Alex Moore,PAY0657,4686.471235202963,22/12/2025
NET0591,Jordan Taylor,PAY0540,4450.535383868082,23/12/2025
NET0670,Robin Thomas,PAY0515,1093.6379015700213,24/12/2025
NET0707,Avery Jackson,PAY0161,1927.9282405685635,25/12/2025
NET0066,Taylor Anderson,PAY0386,2886.907104016717,26/12/2025
NET0679,Taylor Wilson,PAY0763,1138.0808030950056,27/12/2025
NET0061,Robin Anderson,PAY0521,1025.789252740988,28/12/2025
NET0407,Alex Taylor,PAY0789,698.7297266969433,29/12/2025
NET0432,Casey Taylor,PAY0614,1075.4217263046485,30/12/2025
NET0791,Morgan Anderson,PAY0554,4422.558016182271,31/12/2025
NET0762,Morgan Jackson,,4256.618170175723,01/01/2026
NET0268,Avery Smith,PAY0920,3865.2051547368237,02/01/2026
NET0306,Robin Jackson,PAY0104,4668.066691125833,03/01/2026
NET0484,Quinn Smith,PAY0734,1773.1647868645712,04/01/2026
NET0772,Jamie Taylor,PAY0476,4446.2137347793105,05/01/2026
NET0348,Morgan Anderson,PAY0732,3258.1920678403326,06/01/2026
NET0548,Morgan Smith,PAY0989,3927.037635223761,07/01/2026
NET0922,Jordan Taylor,PAY0632,1686.9107322869975,08/01/2026
NET0246,Casey Davis,PAY0860,1908.5464213862203,09/01/2026
NET0384,Riley Moore,PAY0328,4517.023144233429,10/01/2026
NET0712,Casey Taylor,PAY0640,1919.9431375854576,11/01/2026
NET0060,Jordan Taylor,PAY0666,4975.542796483162,12/01/2026
NET0361,Jordan Johnson,PAY0458,3936.539361441345,13/01/2026
NET0896,Riley Smith,PAY0757,1180.6913577060116,14/01/2026
NET0481,Avery Smith,PAY0067,4338.651475703997,15/01/2026
NET0059,Casey Davis,PAY0492,3458.3876495430977,16/01/2026
NET0631,Jamie Smith,PAY0768,4091.9908246394484,17/01/2026
NET0273,Alex Davis,,739.4998472194355,18/01/2026
NET0270,Taylor Smith,PAY0304,1168.793631684424,19/01/2026
NET0315,Quinn Brown,PAY0039,1534.372455061495,20/01/2026
NET0842,Taylor Brown,PAY0851,661.380116761579,21/01/2026
NET0097,Riley Johnson,PAY0911,1671.0078361332214,22/01/2026
NET0688,Quinn Davis,PAY0910,3676.832881585492,23/01/2026
NET0867,Riley Wilson,PAY0259,2463.9343993522834,24/01/2026
NET0080,Casey Brown,PAY0049,4978.40784511185,25/01/2026
NET0633,Quinn Jackson,PAY0298,4672.428535126884,26/01/2026
NET0689,Jamie Brown,PAY0044,683.562688431431,27/01/2026
NET0480,Jordan Johnson,PAY0600,2104.3405231064826,28/01/2026
NET0981,Quinn Smith,PAY0913,3690.631140201131,29/01/2026
NET0566,Jordan Jackson,PAY0718,2683.3978150778908,30/01/2026
NET0249,Robin Taylor,PAY0267,2718.4484750495026,31/01/2026
NET0972,Taylor Johnson,PAY0930,4306.272579274608,01/02/2026
NET0973,Quinn Davis,PAY0421,4400.956851737512,02/02/2026
NET0266,Jamie Wilson,PAY0646,1056.4440531523474,03/02/2026
NET0957,Quinn Johnson,PAY0568,921.1004519224289,04/02/2026
NET0500,Quinn Smith,PAY0547,4406.778993297547,05/02/2026
NET0599,Casey Thomas,,1312.9473385013002,06/02/2026
NET0995,Robin Moore,PAY0252,1257.3275072478866,07/02/2026
NET0542,Jamie Thomas,PAY0407,2789.31993768791,08/02/2026
NET0662,Casey Smith,PAY0122,1727.5619919196756,09/02/2026
NET0050,Robin Anderson,PAY0272,4509.025350094732,10/02/2026
NET0399,Jamie Taylor,PAY0914,3135.548308162262,11/02/2026
NET0139,Casey Anderson,PAY0624,3125.9632594214413,12/02/2026
NET0435,Morgan Taylor,PAY0158,4872.3230959368175,13/02/2026
NET0855,Morgan Thomas,PAY0193,2867.0693296999807,14/02/2026
NET0576,Jordan Jackson,PAY0537,3068.545150105356,15/02/2026
NET0279,Avery Anderson,PAY0637,2373.8854612548603,16/02/2026
NET0519,Riley Taylor,PAY0453,845.7595825769633,17/02/2026
NET0637,Quinn Wilson,PAY0379,3957.1404214315003,18/02/2026
NET0758,Casey Davis,PAY0356,3546.0883224336317,19/02/2026
NET0094,Jamie Wilson,PAY0326,4493.154641084075,20/02/2026
NET0875,Riley Davis,PAY0472,616.8297587280391,21/02/2026
NET0100,Riley Jackson,PAY0278,3565.905551731624,22/02/2026
NET0264,Quinn Taylor,PAY0818,3562.8773424696865,23/02/2026
NET0040,Casey Smith,PAY0545,2273.7641124502743,24/02/2026
NET0420,Riley Moore,PAY0210,3156.523240217328,25/02/2026
NET0272,Morgan Anderson,PAY0004,4780.489325354357,26/02/2026
NET0150,Taylor Moore,PAY0680,4266.397438614983,27/02/2026
NET0441,Jordan Moore,PAY0778,1191.9896090770903,28/02/2026
NET0719,Jordan Jackson,PAY0280,864.7845653522704,01/03/2026
NET0685,Jordan Thomas,,4238.146515076458,02/03/2026
NET0419,Alex Thomas,PAY0253,3467.9269541751437,03/03/2026
NET0666,Taylor Johnson,PAY0555,2543.2498181432875,04/03/2026
NET0699,Taylor Taylor,PAY0879,4798.406889378525,05/03/2026
NET0454,Riley Thomas,PAY0886,3173.9191670792425,06/03/2026
NET0028,Taylor Anderson,PAY0125,526.1241233529233,07/03/2026
NET0400,Riley Anderson,PAY0319,4863.967312107321,08/03/2026
NET0815,Alex Johnson,PAY0650,3452.7774065780777,09/03/2026
NET0070,Jordan Davis,PAY0289,4779.0318581384345,10/03/2026
NET0355,Robin Davis,PAY0693,1962.119607354572,11/03/2026
NET0965,Jordan Jackson,PAY0575,3791.9534780025106,12/03/2026
NET0876,Casey Anderson,PAY0498,3804.4380179118557,13/03/2026
NET0075,Avery Thomas,PAY0868,4808.312506129224,14/03/2026
NET0853,Casey Taylor,PAY0961,3061.2129612411622,15/03/2026
NET0398,Avery Moore,PAY0999,1451.1508746799436,16/03/2026
NET0737,Casey Anderson,PAY0494,719.0701187179297,17/03/2026
NET0394,Jordan Wilson,PAY0168,3396.398132840492,18/03/2026
NET0009,Jordan Davis,PAY0525,1954.2688100908797,19/03/2026
NET0295,Jamie Davis,PAY0814,749.9076079361135,20/03/2026
NET0681,Casey Johnson,PAY0239,818.2584007248504,21/03/2026
NET0263,Avery Brown,PAY0036,4783.550848888694,22/03/2026
NET0192,Taylor Davis,PAY0206,2216.259184602495,23/03/2026
NET0425,Riley Wilson,PAY0418,2294.8632363098677,24/03/2026
NET0618,Quinn Thomas,PAY0667,1301.0486035075824,25/03/2026
NET0511,Quinn Wilson,PAY0623,4842.72189415208,26/03/2026
NET0605,Jamie Davis,PAY0677,4394.81979828423,27/03/2026
NET0322,Jordan Davis,PAY0027,901.3473845444928,28/03/2026
NET0133,Casey Brown,PAY0345,4335.556249596196,29/03/2026
NET0916,Jordan Smith,PAY0258,1233.2330774386453,30/03/2026
NET0290,Avery Brown,PAY0480,4007.7164531557487,31/03/2026
NET0741,Jordan Smith,PAY0912,1782.2115004975794,01/04/2026
NET0298,Alex Thomas,PAY0293,3886.5135483067183,02/04/2026
NET0186,Jordan Brown,PAY0878,3443.289344710156,03/04/2026
NET0561,Riley Johnson,,1042.7089284618196,04/04/2026
NET0722,Alex Jackson,PAY0994,2708.8029392432563,05/04/2026
NET0750,Jordan Anderson,,2445.6128873787948,06/04/2026
NET0617,Riley Anderson,PAY0214,4128.589381632575,07/04/2026
NET0674,Casey Brown,PAY0641,1895.4558824509695,08/04/2026
NET0392,Alex Wilson,PAY0165,3582.328738389993,09/04/2026
NET0799,Riley Johnson,PAY0115,1090.790008125448,10/04/2026
NET0770,Jamie Taylor,PAY0729,3494.8413329757877,11/04/2026
NET0650,Riley Johnson,PAY0671,4244.237934451965,12/04/2026
NET0331,Quinn Smith,PAY0424,2806.939515467142,13/04/2026
NET0563,Morgan Brown,PAY0366,2703.3036612308833,14/04/2026
NET0768,Quinn Wilson,PAY0892,4484.358673888466,15/04/2026
NET0944,Jamie Davis,PAY0019,2643.9785898339546,16/04/2026
NET0888,Jamie Thomas,PAY0598,3033.756846200923,17/04/2026
NET1000,Robin Jackson,PAY0077,2403.817611977462,18/04/2026
NET0705,Quinn Jackson,PAY0197,3904.207895706695,19/04/2026
NET0526,Taylor Thomas,PAY0187,4149.474618264005,20/04/2026
NET0064,Robin Anderson,PAY0242,3262.4050255015586,21/04/2026
NET0904,Riley Wilson,PAY0904,2453.476651296676,22/04/2026
NET0513,Quinn Taylor,PAY0919,2417.0769446958866,23/04/2026
NET0489,Jordan Jackson,PAY0479,681.9714032861334,24/04/2026
NET0154,Quinn Smith,PAY0023,2037.8518132844795,25/04/2026
NET0135,Quinn Johnson,PAY0617,2585.861940264554,26/04/2026
NET0684,Taylor Davis,PAY0261,1509.0359554756265,27/04/2026
NET0801,Jordan Johnson,PAY0482,3588.064411367175,28/04/2026
NET0406,Morgan Davis,PAY0752,1197.8136538565475,29/04/2026
NET0014,Morgan Thomas,PAY0491,2728.950141912357,30/04/2026
NET0630,Jamie Brown,PAY0371,3333.0181160011457,01/05/2026
NET0610,Alex Taylor,PAY0982,2861.0500274439564,02/05/2026
NET0568,Riley Jackson,PAY0526,1808.1636101527977,03/05/2026
NET0287,Riley Wilson,PAY0053,2468.099835189611,04/05/2026
NET0840,Alex Davis,PAY0762,4582.434699736171,05/05/2026
NET0584,Jordan Wilson,PAY0131,2649.251143274975,06/05/2026
NET0646,Riley Johnson,PAY0516,1168.7294239464256,07/05/2026
NET0473,Taylor Wilson,PAY0882,1075.053867544328,08/05/2026
NET0784,Quinn Davis,PAY0465,4563.066283999673,09/05/2026
NET0424,Robin Johnson,PAY0844,4286.920794240688,10/05/2026
NET0845,Avery Davis,PAY0899,2853.9142565786324,11/05/2026
NET0615,Morgan Wilson,,1829.6673525751426,12/05/2026
NET0252,Morgan Johnson,PAY0185,714.7772347887937,13/05/2026
NET0659,Alex Brown,PAY0262,844.3963388194073,14/05/2026
NET0984,Jordan Jackson,PAY0234,702.9270664629737,15/05/2026
NET0196,Quinn Wilson,PAY0473,984.344771488995,16/05/2026
NET0622,Riley Johnson,PAY0040,2412.110845436061,17/05/2026
NET0096,Riley Wilson,PAY0322,925.1796311956211,18/05/2026
NET0959,Robin Wilson,PAY0761,3473.8486427172643,19/05/2026
NET0071,Avery Thomas,PAY0365,3058.1519466468053,20/05/2026
NET0387,Riley Anderson,PAY0135,1640.2114897933554,21/05/2026
NET0939,Jamie Jackson,PAY0033,1646.8709195781905,22/05/2026
NET0364,Alex Taylor,PAY0610,867.9630269029024,23/05/2026
NET0237,Casey Jackson,PAY0785,2765.50055349774,24/05/2026
NET0522,Jordan Smith,PAY0866,1012.7097094977104,25/05/2026
NET0751,Jamie Davis,PAY0414,3477.102455369795,26/05/2026
NET0717,Quinn Jackson,PAY0863,1307.9848813846475,27/05/2026
NET0953,Alex Wilson,PAY0016,1319.9366054914458,28/05/2026
NET0597,Quinn Smith,PAY0395,2268.3080189203038,29/05/2026
NET0921,Morgan Anderson,PAY0699,874.8075431073605,30/05/2026
NET0004,Avery Anderson,PAY0578,4445.399062109764,31/05/2026
NET0755,Jordan Brown,PAY0749,1839.4138210472358,01/06/2026
NET0641,Quinn Taylor,PAY0823,3142.437746811107,02/06/2026
NET0388,Riley Johnson,PAY0448,2547.4916689700945,03/06/2026
NET0704,Riley Moore,PAY0400,3516.1693992075734,04/06/2026
NET0703,Robin Moore,PAY0996,3307.146773749987,05/06/2026
NET0172,Casey Johnson,PAY0901,1692.8347538113942,06/06/2026
NET0269,Morgan Moore,PAY0805,4850.238320466158,07/06/2026
NET0763,Robin Anderson,,4421.051682122254,08/06/2026
NET0889,Jordan Taylor,PAY0133,1342.3628021017284,09/06/2026
NET0156,Avery Smith,PAY0727,1332.893258720579,10/06/2026
NET0860,Riley Johnson,PAY0769,3861.631936727746,11/06/2026
NET0074,Casey Wilson,PAY0966,3218.2379302898757,12/06/2026
NET0727,Casey Johnson,PAY0957,4422.271076815869,13/06/2026
NET0307,Robin Thomas,PAY0268,978.4879643626145,14/06/2026
NET0623,Alex Thomas,PAY0799,2904.692013417322,15/06/2026
NET0830,Riley Taylor,PAY0564,526.3118131250311,16/06/2026
NET0072,Alex Davis,PAY0084,1025.052171646585,17/06/2026
NET0602,Avery Moore,PAY0006,1272.8090804152516,18/06/2026
NET0459,Quinn Anderson,PAY0571,2647.039432605606,19/06/2026
NET0374,Riley Smith,PAY0588,3613.1280349411973,20/06/2026
NET0218,Taylor Wilson,,4409.512344447723,21/06/2026
NET0560,Avery Brown,PAY0007,4846.117134013107,22/06/2026
NET0942,Jordan Anderson,PAY0894,3208.4934805825446,23/06/2026
NET0413,Riley Johnson,PAY0733,2690.251222719251,24/06/2026
NET0084,Alex Jackson,PAY0484,3283.247185193718,25/06/2026
NET0148,Taylor Brown,PAY0337,4882.648514772592,26/06/2026
NET0227,Jordan Thomas,PAY0380,2123.2795239089446,27/06/2026
NET0531,Alex Thomas,PAY0342,3532.114143178889,28/06/2026
NET0696,Robin Johnson,,3606.320094600024,29/06/2026
NET0713,Taylor Johnson,PAY0029,2277.487569457913,30/06/2026
NET0523,Riley Johnson,PAY0312,1861.9549639102675,01/07/2026
NET0616,Morgan Anderson,PAY0314,1062.9027046860213,02/07/2026
NET0690,Jordan Thomas,PAY0233,562.4416310981615,03/07/2026
NET0111,Jordan Taylor,PAY0060,1003.6062611032796,04/07/2026
NET0861,Riley Anderson,PAY0586,571.4836093198206,05/07/2026
NET0836,Taylor Anderson,PAY0887,4867.341636471413,06/07/2026
NET0448,Avery Brown,PAY0045,4365.554136191821,07/07/2026
NET0229,Robin Davis,PAY0126,1441.5326615052472,08/07/2026
NET0577,Quinn Thomas,PAY0876,3418.804497668101,09/07/2026
NET0578,Morgan Johnson,PAY0123,3423.82921716579,10/07/2026
NET0177,Jordan Taylor,PAY0955,2461.0481321022185,11/07/2026
NET0146,Casey Thomas,PAY0615,3317.2661800820533,12/07/2026
NET0947,Jordan Smith,PAY0374,4055.051914778511,13/07/2026
NET0191,Jordan Wilson,PAY0800,1359.1150372283232,14/07/2026
NET0198,Quinn Jackson,PAY0358,1854.1304131131255,15/07/2026
NET0745,Riley Brown,PAY0159,2585.4149994756685,16/07/2026
NET0982,Riley Thomas,PAY0746,2632.9508937780297,17/07/2026
NET0438,Riley Moore,PAY0692,598.1757270102552,18/07/2026
NET0367,Casey Thomas,PAY0349,,19/07/2026
NET0864,Avery Taylor,PAY0333,1185.9000796416049,20/07/2026
NET0841,Riley Moore,PAY0428,3661.6914756871515,21/07/2026
NET0917,Taylor Davis,PAY0391,4837.400918325116,22/07/2026
NET0342,Quinn Taylor,,2621.701393934525,23/07/2026
NET0718,Taylor Taylor,PAY0301,4369.0840044828,24/07/2026
NET0058,Alex Moore,PAY0945,3133.5182122277724,25/07/2026
NET0326,Riley Taylor,PAY0335,1406.0228901113665,26/07/2026
NET0503,Robin Brown,PAY0160,3062.43707785404,27/07/2026
NET0524,Riley Smith,PAY0209,4252.273397615554,28/07/2026
NET0747,Morgan Thomas,PAY0081,729.1498109871541,29/07/2026
NET0639,Quinn Moore,PAY0318,535.4342644064562,30/07/2026
NET0529,Jamie Anderson,PAY0086,3336.8444615180256,31/07/2026
NET0740,Jamie Thomas,PAY0675,3708.917665802283,01/08/2026
NET0624,Riley Smith,PAY0157,4907.691220720012,02/08/2026
NET0201,Morgan Taylor,PAY0627,4318.7731745143565,03/08/2026
NET0285,Morgan Johnson,PAY0412,3816.8524101672747,04/08/2026
NET0761,Riley Wilson,,3181.2779775996014,05/08/2026
NET0200,Casey Jackson,PAY0775,2994.370363620062,06/08/2026
NET0692,Robin Johnson,PAY0514,1808.4853937221874,07/08/2026
NET0604,Casey Thomas,,2693.7343090665463,08/08/2026
NET0095,Robin Moore,PAY0997,2687.4543228007906,09/08/2026
NET0366,Riley Thomas,PAY0662,3159.6767400262042,10/08/2026
NET0457,Alex Jackson,,3251.728819375964,11/08/2026
NET0891,Jamie Davis,,3554.005627131679,12/08/2026
NET0992,Jordan Davis,PAY0221,4175.101566347136,13/08/2026
NET0554,Jamie Taylor,PAY0848,2695.5567303566336,14/08/2026
NET0316,Jamie Johnson,PAY0015,3714.306479492568,15/08/2026
NET0574,Riley Brown,PAY0070,2877.389640253696,16/08/2026
NET0143,Jordan Smith,PAY0018,2399.0204639272024,17/08/2026
NET0683,Alex Moore,PAY0075,1921.32567606606,18/08/2026
NET0746,Alex Wilson,,785.7975602546326,19/08/2026
NET0897,Casey Moore,,4517.9473826091835,20/08/2026
NET0347,Robin Brown,PAY0853,2377.1185614253036,21/08/2026
NET0453,Taylor Thomas,PAY0431,2630.0208719539146,22/08/2026
NET0151,Robin Jackson,PAY0397,2726.549601570778,23/08/2026
NET0297,Morgan Brown,PAY0774,4725.3401421592325,24/08/2026
NET0787,Morgan Johnson,PAY0325,2060.4385101606267,25/08/2026
NET0732,Quinn Taylor,PAY0874,3638.814981751405,26/08/2026
NET0340,Quinn Davis,PAY0013,593.6311611980232,27/08/2026
NET0894,Riley Jackson,PAY0845,1796.0485165412806,28/08/2026
NET0906,Morgan Davis,PAY0601,1364.9058387546384,29/08/2026
NET0160,Riley Wilson,PAY0512,2047.3132541142259,30/08/2026
NET0328,Riley Wilson,PAY0247,1544.4640091386566,31/08/2026
NET0794,Alex Anderson,PAY0754,1488.6605526839508,01/09/2026
NET0819,Jordan Thomas,PAY0396,4590.815693753833,02/09/2026
NET0915,Morgan Johnson,PAY0658,2026.1884938762346,03/09/2026
NET0415,Riley Moore,PAY0246,3209.4505976180885,04/09/2026
NET0026,Quinn Wilson,PAY0056,4291.102105516167,05/09/2026
NET0125,Robin Wilson,PAY0933,3456.311614126733,06/09/2026
NET0940,Riley Wilson,PAY0839,1090.2135519257208,07/09/2026
NET0547,Taylor Taylor,PAY0194,1820.2731889000347,08/09/2026
NET0167,Riley Johnson,PAY0522,3701.233336751688,09/09/2026
NET0671,Taylor Taylor,PAY0531,4819.115157245657,10/09/2026
NET0460,Quinn Moore,PAY0865,4248.86335607906,11/09/2026
NET0928,Quinn Wilson,PAY0309,3528.982821377,12/09/2026
NET0587,Jordan Smith,PAY0028,3805.6308449890466,13/09/2026
NET0353,Robin Wilson,PAY0292,4081.8769866635034,14/09/2026
NET0911,Alex Jackson,PAY0977,4098.8977653476395,15/09/2026
NET0036,Alex Jackson,PAY0825,4300.390777953832,16/09/2026
NET0211,Riley Wilson,PAY0698,,17/09/2026
NET0189,Taylor Jackson,PAY0691,1771.0574687133649,18/09/2026
NET0968,Casey Davis,PAY0889,3871.6443582465017,19/09/2026
NET0760,Taylor Jackson,PAY0792,3501.754035599559,20/09/2026
NET0452,Jordan Brown,PAY0620,1080.9344930932666,21/09/2026
NET0931,Jamie Smith,PAY0582,1397.6790026084586,22/09/2026
NET0325,Jordan Anderson,PAY0783,3225.870532653002,23/09/2026
NET0043,Alex Jackson,PAY0127,954.0667650898623,24/09/2026
NET0120,Casey Brown,PAY0794,2371.9296287279285,25/09/2026
NET0244,Jamie Wilson,PAY0103,4971.9525592160435,26/09/2026
NET0943,Casey Taylor,PAY0089,1866.4335202890268,27/09/2026
NET0158,Morgan Davis,PAY0223,1442.4482360909678,28/09/2026
NET0680,Morgan Thomas,PAY0454,711.7220125844738,29/09/2026
NET0187,Casey Thomas,PAY0700,,30/09/2026
NET0293,Avery Wilson,PAY0156,,01/10/2026
NET0549,Morgan Wilson,PAY0616,2106.6974367661423,02/10/2026
NET0165,Riley Wilson,PAY0715,1213.724592970435,03/10/2026
NET0171,Casey Johnson,PAY0451,4225.76909786148,04/10/2026
NET0467,Riley Johnson,PAY0897,,05/10/2026
NET0870,Morgan Davis,PAY0871,643.8650349577509,06/10/2026
NET0663,Robin Thomas,PAY0969,786.4951381072875,07/10/2026
NET0629,Casey Johnson,PAY0544,2437.7920814816785,08/10/2026
NET0049,Robin Smith,PAY0071,3279.033146948413,09/10/2026
NET0635,Jordan Thomas,PAY0147,1043.0961476930713,10/10/2026
NET0381,Jamie Anderson,PAY0137,1508.4303743291184,11/10/2026
NET0496,Casey Wilson,PAY0392,1660.1996345183454,12/10/2026
NET0233,Quinn Taylor,,2031.4589629470265,13/10/2026
NET0267,Casey Johnson,PAY0307,2098.5843946202285,14/10/2026
NET0934,Taylor Anderson,PAY0377,710.0436126100047,15/10/2026
NET0314,Alex Jackson,,4449.711412240569,16/10/2026
NET0620,Avery Moore,PAY0106,1703.7105600046336,17/10/2026
NET0581,Quinn Davis,PAY0741,1180.3026820744324,18/10/2026
NET0312,Jamie Anderson,PAY0092,3605.610120532144,19/10/2026
NET0640,Jordan Taylor,PAY0807,2819.243492329885,20/10/2026
NET0846,Jamie Brown,PAY0235,3512.686505680077,21/10/2026
NET0562,Alex Smith,PAY0073,3678.8221279300683,22/10/2026
NET0950,Jordan Anderson,,4669.844443039631,23/10/2026
NET0653,Jamie Johnson,PAY0613,,24/10/2026
NET0335,Taylor Thomas,PAY0433,2557.110379128992,25/10/2026
NET0790,Morgan Taylor,PAY0124,4287.186383462991,26/10/2026
NET0593,Riley Moore,PAY0686,999.1888022867508,27/10/2026
NET0778,Avery Taylor,PAY0009,976.5133672761601,28/10/2026
NET0693,Quinn Brown,PAY0787,3247.5764471549637,29/10/2026
NET0533,Robin Johnson,PAY0456,4019.703159948761,30/10/2026
NET0238,Riley Jackson,PAY0953,4763.225722748087,31/10/2026
NET0023,Robin Wilson,PAY0232,4206.246026092231,01/11/2026
NET0657,Alex Moore,PAY0608,688.8624674296063,02/11/2026
NET0194,Taylor Anderson,PAY0634,974.3498768784725,03/11/2026
NET0299,Riley Davis,PAY0080,3334.6675226931798,04/11/2026
NET0022,Casey Johnson,,4418.912633689031,05/11/2026
NET0455,Casey Thomas,PAY0219,4599.435967410899,06/11/2026
NET0431,Casey Smith,PAY0002,1206.646463107852,07/11/2026
NET0356,Robin Wilson,PAY0777,,08/11/2026
NET0879,Taylor Johnson,PAY0094,2486.8305953505715,09/11/2026
NET0734,Riley Johnson,PAY0660,2776.5347752180655,10/11/2026
NET0555,Taylor Jackson,PAY0240,3796.483523526916,11/11/2026
NET0938,Alex Smith,PAY0856,946.824075239381,12/11/2026
NET0301,Casey Davis,PAY0877,3411.918369209886,13/11/2026
NET0024,Morgan Jackson,PAY0054,2005.7338639067373,14/11/2026
NET0534,Taylor Johnson,,1119.9760888027067,15/11/2026
NET0675,Avery Davis,PAY0381,4318.67791271587,16/11/2026
NET0155,Quinn Davis,PAY0770,2475.988074119128,17/11/2026
NET0509,Taylor Moore,PAY0257,2370.8742742351205,18/11/2026
NET0152,Morgan Jackson,PAY0370,3960.6492372575703,19/11/2026
NET0115,Alex Wilson,PAY0668,1603.9222907771177,20/11/2026
NET0283,Morgan Brown,PAY0281,4141.153470661379,21/11/2026
NET0966,Avery Wilson,PAY0163,2035.9403140128575,22/11/2026
NET0112,Morgan Johnson,PAY0310,2772.602277030632,23/11/2026
NET0079,Alex Brown,PAY0695,883.5523776491752,24/11/2026
NET0296,Alex Moore,PAY0208,2175.963608312598,25/11/2026
NET0945,Taylor Jackson,PAY0907,3896.8034563030205,26/11/2026
NET0401,Casey Smith,PAY0001,2122.895328942551,27/11/2026
NET0993,Morgan Wilson,PAY0468,3492.4786471168004,28/11/2026
NET0090,Alex Brown,,1182.2504653739045,29/11/2026
NET0958,Robin Thomas,PAY0162,3890.7822697119877,30/11/2026
NET0193,Jamie Johnson,,2397.7499421124967,01/12/2026
NET0068,Riley Anderson,PAY0017,1526.8190176857593,02/12/2026
NET0377,Casey Thomas,PAY0471,4107.959053886703,03/12/2026
NET0839,Quinn Johnson,PAY0642,2360.3423843614028,04/12/2026
NET0463,Riley Thomas,PAY0102,2341.8919372654977,05/12/2026
NET0300,Taylor Jackson,PAY0048,2564.3887876218737,06/12/2026
NET0546,Alex Thomas,PAY0050,4335.757157375654,07/12/2026
NET0545,Jordan Anderson,PAY0902,4075.733058675333,08/12/2026
NET0753,Alex Smith,PAY0786,2127.9846634479695,09/12/2026
NET0126,Riley Taylor,PAY0758,633.9331715673513,10/12/2026
NET0540,Robin Johnson,PAY0134,1155.1293765431892,11/12/2026
NET0514,Riley Anderson,PAY0847,544.7692105868142,12/12/2026
NET0498,Jamie Johnson,PAY0561,4128.110895515003,13/12/2026
NET0743,Casey Jackson,PAY0346,4746.392781385149,14/12/2026
NET0354,Morgan Johnson,PAY0291,881.5019653913849,15/12/2026
NET0382,Morgan Wilson,PAY0331,1916.6205734568005,16/12/2026
NET0976,Quinn Jackson,,4918.752159742094,17/12/2026
NET0821,Avery Moore,PAY0779,1239.4610677162202,18/12/2026
NET0887,Robin Jackson,PAY0217,776.6074781842394,19/12/2026
NET0434,Avery Wilson,PAY0903,3916.3657327512037,20/12/2026
NET0516,Riley Thomas,PAY0743,3470.792775238565,21/12/2026
NET0274,Quinn Taylor,PAY0408,3386.5958949870196,22/12/2026
NET0362,Jamie Johnson,PAY0998,4561.300092082528,23/12/2026
NET0329,Avery Davis,,760.144232957053,24/12/2026
NET0231,Robin Anderson,PAY0367,3342.2340296969696,25/12/2026
NET0869,Taylor Taylor,PAY0803,3710.1628265963377,26/12/2026
NET0595,Casey Anderson,PAY0470,3471.6273430076235,27/12/2026
NET0490,Robin Taylor,PAY0678,2839.002634413355,28/12/2026
NET0665,Jamie Moore,PAY0003,1830.7599118864077,29/12/2026
NET0117,Robin Moore,PAY0596,2309.0126811416653,30/12/2026
NET0895,Jordan Moore,PAY0336,3563.9179583903906,31/12/2026
NET0731,Morgan Anderson,PAY0500,2991.246927015175,01/01/2027
NET0866,Jamie Johnson,PAY0466,1869.4536033792767,02/01/2027
NET0716,Jamie Johnson,PAY0378,3842.138759133432,03/01/2027
NET0210,Robin Johnson,PAY0285,4591.53883940509,04/01/2027
NET0575,Casey Brown,PAY0528,,05/01/2027
NET0069,Avery Smith,PAY0413,1759.0133514325196,06/01/2027
NET0573,Quinn Thomas,PAY0096,2875.0628102332707,07/01/2027
NET0730,Avery Moore,PAY0649,4642.027662402974,08/01/2027
NET0180,Jamie Taylor,PAY0078,3651.3277874717214,09/01/2027
NET0376,Casey Taylor,PAY0463,2507.850728165038,10/01/2027
NET0726,Alex Wilson,PAY0385,1423.1010712244279,11/01/2027
NET0767,Quinn Wilson,PAY0425,2949.9138095201442,12/01/2027
NET0899,Casey Johnson,PAY0643,4047.5371053952244,13/01/2027
NET0795,Quinn Thomas,PAY0276,3434.1668932858643,14/01/2027
NET0375,Taylor Brown,PAY0724,3638.6193450810592,15/01/2027
NET0393,Riley Davis,PAY0858,4494.537034282384,16/01/2027
NET0796,Jamie Moore,PAY0927,4017.033919091571,17/01/2027
NET0053,Avery Moore,PAY0796,,18/01/2027
NET0871,Jamie Wilson,PAY0403,1387.830894175068,19/01/2027
NET0851,Quinn Davis,PAY0739,1856.891355509044,20/01/2027
NET0057,Robin Thomas,PAY0330,666.3657756034338,21/01/2027
NET0804,Quinn Jackson,PAY0150,2005.2181613070584,22/01/2027
NET0636,Avery Smith,PAY0256,3762.944070510286,23/01/2027
NET0963,Quinn Wilson,PAY0136,3830.235000397565,24/01/2027
NET0213,Alex Brown,PAY0130,1067.0254069724206,25/01/2027
NET0988,Jordan Wilson,PAY0672,4963.657862943082,26/01/2027
NET0556,Casey Moore,PAY0284,1777.6753676072158,27/01/2027
NET0955,Alex Brown,PAY0717,,28/01/2027
NET0806,Morgan Jackson,PAY0422,2983.0363311256156,29/01/2027
NET0998,Robin Johnson,PAY0139,2846.0113930194816,30/01/2027
NET0304,Morgan Smith,PAY0098,3906.7084592624365,31/01/2027
NET0034,Jamie Thomas,PAY0942,1220.123031030579,01/02/2027
NET0769,Taylor Taylor,PAY0527,625.5105138304606,02/02/2027
NET0341,Robin Anderson,PAY0274,4084.6941465861864,03/02/2027
NET0395,Casey Brown,PAY0753,3166.2662078746093,04/02/2027
NET0849,Casey Wilson,PAY0297,1586.0290061312198,05/02/2027
NET0912,Casey Jackson,PAY0766,3983.7100421468867,06/02/2027
NET0002,Quinn Johnson,PAY0332,3769.291608798179,07/02/2027
NET0649,Alex Brown,PAY0760,4941.296151084718,08/02/2027
NET0892,Morgan Jackson,PAY0552,996.9885780955683,09/02/2027
NET0890,Alex Johnson,PAY0842,769.7558238143133,10/02/2027
NET0380,Jordan Anderson,PAY0288,2178.404906160414,11/02/2027
NET0190,Robin Anderson,PAY0546,3321.4528954308266,12/02/2027
NET0416,Quinn Anderson,PAY0726,2095.1300565686715,13/02/2027
NET0142,Robin Wilson,PAY0584,714.7979282179454,14/02/2027
NET0475,Taylor Thomas,PAY0061,3429.330887168971,15/02/2027
NET0883,Jamie Moore,PAY0987,1061.3741242834624,16/02/2027
NET0025,Robin Johnson,PAY0921,1840.8250069317128,17/02/2027
NET0598,Jordan Jackson,PAY0143,3815.8641310293992,18/02/2027
NET0585,Riley Thomas,PAY0631,2539.162222485328,19/02/2027
NET0471,Jordan Smith,PAY0170,4923.277531284377,20/02/2027
NET0721,Taylor Taylor,PAY0439,4124.244029491479,21/02/2027
NET0166,Quinn Smith,PAY0648,4950.5003550438,22/02/2027
NET0313,Alex Davis,PAY0625,3045.1875196092724,23/02/2027
NET0686,Jordan Davis,PAY0360,4524.525040529127,24/02/2027
NET0492,Morgan Wilson,PAY0706,3324.849583170134,25/02/2027
NET0951,Jordan Moore,PAY0941,2899.798954279951,26/02/2027
NET0093,Jamie Smith,PAY0215,3179.970115812648,27/02/2027
NET0664,Riley Taylor,PAY0243,2076.517107683474,28/02/2027
NET0923,Morgan Brown,PAY0821,1780.4097272541421,01/03/2027
NET0788,Robin Thomas,PAY0450,4031.5516827095785,02/03/2027
NET0807,Taylor Thomas,PAY0090,3716.84510691051,03/03/2027
NET0136,Avery Moore,PAY0836,3525.952109171984,04/03/2027
NET0224,Jamie Taylor,PAY0270,3714.57940488678,05/03/2027
NET0417,Alex Taylor,PAY0872,2838.49991350476,06/03/2027
NET0710,Alex Anderson,PAY0954,1614.3499908858623,07/03/2027
NET0013,Jamie Moore,PAY0828,1975.3113338651747,08/03/2027
NET0905,Quinn Taylor,PAY0254,3120.6607063598826,09/03/2027
NET0086,Quinn Taylor,PAY0670,4202.792253371125,10/03/2027
NET0247,Robin Wilson,PAY0857,2125.7038976579393,11/03/2027
NET0508,Jamie Taylor,PAY0436,940.9452427885653,12/03/2027
NET0464,Alex Moore,PAY0224,3702.3818933637035,13/03/2027
NET0832,Morgan Jackson,,4227.969332443463,14/03/2027
NET0969,Riley Moore,PAY0452,868.7622354560995,15/03/2027
NET0491,Jamie Taylor,PAY0737,779.871526449846,16/03/2027
NET0404,Jamie Davis,PAY0043,4498.291835824288,17/03/2027
NET0544,Robin Jackson,PAY0556,2643.1388219187393,18/03/2027
NET0436,Robin Thomas,PAY0376,2507.7383916923927,19/03/2027
NET0035,Jamie Taylor,PAY0991,2161.823973400153,20/03/2027
NET0517,Jordan Moore,PAY0275,2868.150214198169,21/03/2027
NET0752,Taylor Moore,PAY0837,3147.0775605392305,22/03/2027
NET0482,Morgan Johnson,PAY0587,2835.2524973803106,23/03/2027
NET0961,Avery Johnson,PAY0116,2276.521138281126,24/03/2027
NET0046,Avery Thomas,PAY0813,1686.6216929954808,25/03/2027
NET0428,Taylor Moore,PAY0563,2744.7228756850595,26/03/2027
NET0006,Casey Brown,PAY0508,,27/03/2027
NET0588,Taylor Johnson,PAY0580,2480.3597971840227,28/03/2027
NET0882,Morgan Wilson,PAY0834,4689.660234489963,29/03/2027
NET0774,Taylor Brown,PAY0173,2702.934800034212,30/03/2027
NET0228,Quinn Brown,PAY0795,4879.72617429607,31/03/2027
NET0844,Jamie Brown,PAY0802,4207.153236365262,01/04/2027
NET0445,Riley Anderson,PAY0231,1149.557816058669,02/04/2027
NET0336,Quinn Jackson,PAY0282,,03/04/2027
NET0254,Riley Jackson,PAY0034,3700.1775544860034,04/04/2027
NET0253,Quinn Moore,PAY0300,1082.2333459268739,05/04/2027
NET0754,Casey Brown,PAY0226,3670.3610815803304,06/04/2027
NET0439,Riley Johnson,PAY0032,4384.7224591756985,07/04/2027
NET0748,Riley Anderson,PAY0579,1031.261709519611,08/04/2027
NET0015,Jordan Wilson,PAY0085,1456.8914253223365,09/04/2027
NET0286,Quinn Smith,PAY0172,2630.1000278199704,10/04/2027
NET0474,Casey Thomas,,3859.233377171893,11/04/2027
NET0485,Jamie Wilson,PAY0455,4748.313024756462,12/04/2027
NET0606,Riley Anderson,PAY0906,2161.994268355057,13/04/2027
NET0818,Alex Smith,PAY0932,4783.1978874984925,14/04/2027
NET0501,Casey Wilson,,3207.2009618239854,15/04/2027
NET0535,Jamie Johnson,PAY0702,2338.7893661596827,16/04/2027
NET0924,Quinn Jackson,PAY0419,1043.8989264006677,17/04/2027
NET0089,Avery Taylor,PAY0507,3072.9413949188406,18/04/2027
NET0837,Riley Jackson,PAY0669,681.2696371413674,19/04/2027
NET0967,Avery Smith,PAY0518,1189.870298131108,20/04/2027
NET0592,Riley Jackson,PAY0576,2171.6030938339277,21/04/2027
NET0175,Taylor Moore,PAY0394,4959.590455033399,22/04/2027
NET0914,Quinn Anderson,PAY0200,1864.6703721800131,23/04/2027
NET0654,Avery Brown,PAY0140,2686.6649324141445,24/04/2027
NET0161,Alex Anderson,PAY0497,4060.416654817106,25/04/2027
NET0619,Jamie Moore,PAY0010,1139.6291257967519,26/04/2027
NET0303,Jamie Thomas,PAY0368,3153.309098615545,27/04/2027
NET0826,Morgan Smith,PAY0055,718.929709611035,28/04/2027
NET0352,Taylor Anderson,PAY0635,4524.138177731915,29/04/2027
NET0779,Riley Thomas,PAY0462,4500.757428077388,30/04/2027
NET0176,Avery Jackson,PAY0323,1470.1165506530335,01/05/2027
NET0907,Morgan Moore,PAY0854,4186.062811527188,02/05/2027
NET0470,Casey Wilson,PAY0144,2699.571453104808,03/05/2027
NET0477,Robin Taylor,PAY0296,1050.475574761017,04/05/2027
NET0114,Casey Jackson,PAY0846,2068.920245796743,05/05/2027
NET0935,Alex Moore,PAY0973,4416.919411726825,06/05/2027
NET0288,Jamie Moore,PAY0569,2379.0881944097123,07/05/2027
NET0062,Jamie Thomas,PAY0178,3078.7659130518023,08/05/2027
NET0583,Robin Wilson,PAY0968,3045.937892315424,09/05/2027
NET0920,Jordan Jackson,,4551.29279583845,10/05/2027
NET0033,Morgan Moore,PAY0551,4016.072069837714,11/05/2027
NET0131,Jamie Jackson,PAY0651,2638.5239679744086,12/05/2027
NET0977,Morgan Moore,PAY0499,3740.1507292060223,13/05/2027
NET0999,Jordan Taylor,PAY0881,3225.6936959746718,14/05/2027
NET0277,Morgan Jackson,PAY0434,3928.7805417429677,15/05/2027
NET0368,Jamie Wilson,PAY0393,2771.437375724846,16/05/2027
NET0956,Avery Taylor,PAY0589,2574.212740566987,17/05/2027
NET0885,Casey Brown,PAY0142,2524.6822610683244,18/05/2027
NET0738,Avery Johnson,PAY0611,2520.8363247694197,19/05/2027
NET0469,Robin Thomas,PAY0992,4398.554986531948,20/05/2027
NET0140,Casey Smith,PAY0841,1963.4732894742292,21/05/2027
NET0383,Casey Wilson,PAY0524,4099.152295376858,22/05/2027
NET0397,Morgan Davis,PAY0145,3490.2604058843303,23/05/2027
NET0183,Casey Anderson,PAY0711,2343.327471930966,24/05/2027
NET0466,Taylor Davis,PAY0383,1547.7002751164127,25/05/2027
NET0625,Morgan Brown,PAY0188,2279.2870814017238,26/05/2027
NET0222,Jamie Wilson,PAY0120,2934.475028560971,27/05/2027
NET0149,Jamie Thomas,PAY0313,4811.357714362422,28/05/2027
NET0447,Avery Thomas,PAY0245,4505.194242998457,29/05/2027
NET0873,Alex Moore,PAY0121,3811.6075750305345,30/05/2027
NET0852,Quinn Brown,PAY0843,3406.62438346732,31/05/2027
NET0600,Quinn Taylor,PAY0138,4396.79107997765,01/06/2027
NET0483,Morgan Brown,PAY0689,3682.4388177068413,02/06/2027
NET0076,Morgan Jackson,PAY0087,3073.976571377303,03/06/2027
NET0226,Morgan Anderson,PAY0605,4082.7145164622225,04/06/2027
NET0385,Alex Taylor,PAY0630,3683.294820709648,05/06/2027
NET0205,Casey Davis,PAY0305,3024.6995978297186,06/06/2027
NET0423,Riley Jackson,PAY0898,1057.0172510863379,07/06/2027
NET0994,Jordan Anderson,PAY0723,3017.0877045630227,08/06/2027
NET0243,Taylor Thomas,PAY0690,1365.9203000236857,09/06/2027
NET0101,Taylor Wilson,,3284.1682466734533,10/06/2027
NET0234,Riley Davis,,3095.850124279173,11/06/2027
NET0838,Casey Jackson,PAY0850,737.9347369657277,12/06/2027
NET0113,Riley Anderson,PAY0361,3066.0997245303693,13/06/2027
NET0798,Jordan Taylor,PAY0918,1352.2814279609438,14/06/2027
NET0236,Avery Thomas,PAY0849,2641.260614707131,15/06/2027
NET0843,Robin Brown,PAY0602,4535.889261096629,16/06/2027
NET0694,Taylor Jackson,PAY0402,1041.2742939751208,17/06/2027
NET0766,Morgan Wilson,PAY0626,4712.818144957479,18/06/2027
NET0204,Alex Anderson,PAY0398,1308.845306416567,19/06/2027
NET0430,Casey Thomas,PAY0612,585.3811259368905,20/06/2027
NET0334,Jamie Thomas,PAY0321,4040.406707123834,21/06/2027
NET0594,Jamie Wilson,PAY0655,1603.7901247561533,22/06/2027
NET0607,Jamie Brown,PAY0541,3675.2796603376305,23/06/2027
NET0456,Jordan Anderson,PAY0502,4494.451229333783,24/06/2027
NET0739,Avery Brown,PAY0687,2499.032612002758,25/06/2027
NET0241,Robin Johnson,PAY0269,4131.144608564282,26/06/2027
NET0073,Taylor Anderson,PAY0117,3230.846695169361,27/06/2027
NET0119,Casey Smith,PAY0469,2308.090393617888,28/06/2027
NET0528,Robin Smith,PAY0202,702.4263978870858,29/06/2027
NET0497,Robin Thomas,PAY0334,4378.8845107132165,30/06/2027
NET0030,Casey Davis,PAY0375,604.6846175924278,01/07/2027
NET0805,Robin Johnson,PAY0192,2466.5783890507073,02/07/2027
NET0952,Casey Davis,PAY0984,2367.213905664207,03/07/2027
NET0877,Alex Moore,PAY0819,4368.4178469744165,04/07/2027
NET0551,Jamie Moore,PAY0105,1928.2209591496692,05/07/2027
NET0054,Morgan Brown,PAY0592,1657.3000692547328,06/07/2027
NET0759,Alex Wilson,PAY0065,1015.9008086401038,07/07/2027
NET0107,Riley Brown,PAY0962,947.0013487190506,08/07/2027
NET0874,Riley Anderson,PAY0829,1256.701967001578,09/07/2027
NET0465,Quinn Smith,PAY0721,1148.1541381926102,10/07/2027
NET0777,Jamie Smith,PAY0964,1649.9953639311425,11/07/2027
NET0825,Jordan Davis,PAY0286,903.3285356612737,12/07/2027
NET0632,Morgan Thomas,PAY0211,1880.5739826317226,13/07/2027
NET0343,Quinn Thomas,PAY0220,2332.7439543138335,14/07/2027
NET0258,Robin Johnson,PAY0722,1261.3597159468513,15/07/2027
NET0446,Jordan Davis,PAY0005,3265.1394294578954,16/07/2027
NET0215,Jordan Johnson,PAY0399,1963.808132831456,17/07/2027
NET0292,Alex Davis,,622.2703658778427,18/07/2027
NET0373,Robin Jackson,PAY0607,763.2580201410462,19/07/2027
NET0661,Riley Johnson,PAY0461,2254.7287005510107,20/07/2027
NET0056,Jamie Anderson,PAY0203,1940.1865872820647,21/07/2027
NET0045,Quinn Thomas,PAY0629,2357.7026539932904,22/07/2027
NET0687,Alex Thomas,PAY0756,1958.9800585858843,23/07/2027
NET0164,Quinn Davis,PAY0030,2189.809212364992,24/07/2027
NET0181,Morgan Wilson,PAY0406,4224.836293963766,25/07/2027
NET0510,Robin Smith,PAY0443,1044.3481857586762,26/07/2027
NET0486,Quinn Moore,PAY0976,1411.51756106543,27/07/2027
NET0865,Taylor Jackson,PAY0656,3884.6018253752645,28/07/2027
NET0702,Robin Brown,PAY0191,3137.130845816508,29/07/2027
NET0153,Jamie Thomas,PAY0189,2718.4074840604935,30/07/2027
NET0816,Casey Johnson,PAY0645,3885.754903926668,31/07/2027
NET0116,Avery Thomas,PAY0415,2232.7190583356223,01/08/2027
NET0199,Avery Thomas,PAY0817,1017.866173474445,02/08/2027
NET0055,Avery Smith,PAY0238,772.8439005651622,03/08/2027
NET0284,Robin Anderson,PAY0474,2591.705899603999,04/08/2027
NET0214,Alex Taylor,PAY0437,2331.8440861594822,05/08/2027
NET0676,Casey Wilson,PAY0574,2678.7717948114796,06/08/2027
NET0642,Alex Moore,PAY0339,2333.7220538477286,07/08/2027
NET0789,Jamie Moore,PAY0164,1551.8320509181017,08/08/2027
NET0476,Taylor Johnson,PAY0566,4487.701532124003,09/08/2027
NET0225,Quinn Moore,PAY0179,1711.218822697838,10/08/2027
NET0520,Morgan Smith,PAY0529,4835.636095239051,11/08/2027
NET0553,Casey Thomas,PAY0250,3537.93843058342,12/08/2027
NET0780,Casey Brown,PAY0759,1608.4224315986207,13/08/2027
NET0884,Riley Anderson,PAY0169,2996.183525264107,14/08/2027
NET0371,Morgan Brown,PAY0820,4033.463839926355,15/08/2027
NET0634,Jamie Anderson,PAY0967,1870.7577888451915,16/08/2027
NET0098,Alex Wilson,PAY0979,2330.3566463807233,17/08/2027
NET0543,Taylor Smith,PAY0664,877.5876001138263,18/08/2027
NET0121,Taylor Smith,PAY0924,3361.095475047422,19/08/2027
NET0197,Casey Wilson,PAY0870,1415.5560808104804,20/08/2027
NET0242,Avery Taylor,PAY0024,4855.601807241526,21/08/2027
NET0572,Avery Anderson,PAY0118,2179.873492061934,22/08/2027
NET0005,Jordan Smith,PAY0728,4933.889219588395,23/08/2027
NET0429,Taylor Wilson,PAY0830,4019.1064819933968,24/08/2027
NET0357,Casey Smith,PAY0970,2918.9103341606024,25/08/2027
NET0309,Casey Wilson,PAY0308,2406.8860547697877,26/08/2027
NET0802,Jamie Moore,PAY0069,4601.717293248959,27/08/2027
NET0847,Robin Taylor,PAY0327,2532.839005351546,28/08/2027
NET0643,Riley Taylor,PAY0464,504.50476375890287,29/08/2027
NET0091,Casey Brown,PAY0714,2590.9342417494577,30/08/2027
NET0627,Riley Anderson,,4232.173031518494,31/08/2027
NET0512,Casey Thomas,PAY0449,1801.622546753025,01/09/2027
NET0735,Jordan Johnson,PAY0100,4874.3681181461925,02/09/2027
NET0185,Robin Johnson,PAY0488,502.4431926815776,03/09/2027
NET0611,Robin Jackson,PAY0926,4700.780672193678,04/09/2027
NET0039,Morgan Thomas,PAY0935,2669.8381694396076,05/09/2027
NET0932,Jordan Moore,PAY0534,3190.4048817530293,06/09/2027
NET0626,Jamie Johnson,PAY0212,4277.694747298881,07/09/2027
NET0179,Casey Wilson,PAY0804,2210.6908149763076,08/09/2027
NET0245,Jordan Anderson,,2081.3806413931698,09/09/2027
NET0422,Quinn Taylor,PAY0352,3344.9312333568455,10/09/2027
NET0462,Morgan Anderson,PAY0320,3133.216249071649,11/09/2027
NET0536,Casey Anderson,PAY0357,2796.4778972111703,12/09/2027
NET0278,Alex Moore,PAY0146,704.6812864122787,13/09/2027
NET0656,Quinn Taylor,PAY0748,3826.3232551768556,14/09/2027
NET0147,Jordan Smith,PAY0852,3033.867100735817,15/09/2027
NET0212,Jamie Taylor,PAY0119,1852.8725683966125,16/09/2027
NET0130,Casey Thomas,PAY0980,2278.87205513516,17/09/2027
NET0709,Morgan Smith,PAY0426,1053.3963422271718,18/09/2027
NET0488,Morgan Jackson,PAY0303,1128.4262073251007,19/09/2027
NET0792,Riley Smith,PAY0108,3004.155866762218,20/09/2027
NET0812,Morgan Johnson,PAY0495,1757.5623426754532,21/09/2027
NET0827,Taylor Moore,PAY0026,2443.830944216443,22/09/2027
NET0711,Casey Taylor,,3247.003892598235,23/09/2027
NET0427,Quinn Smith,PAY0155,4808.377281645347,24/09/2027
NET0291,Quinn Brown,PAY0513,1932.3677381701189,25/09/2027
NET0909,Riley Moore,PAY0708,3569.4544818575537,26/09/2027
NET0979,Casey Anderson,PAY0603,2041.8586534132396,27/09/2027
NET0668,Jamie Jackson,PAY0696,1676.1224002270512,28/09/2027
NET0724,Morgan Thomas,PAY0791,3887.1230049795913,29/09/2027
NET0092,Casey Taylor,PAY0475,2537.2313650590113,30/09/2027
NET0184,Casey Wilson,PAY0401,1606.6772824544203,01/10/2027
NET0008,Taylor Johnson,PAY0384,4923.598762209505,02/10/2027
NET0007,Alex Brown,PAY0457,2037.3341213748417,03/10/2027
NET0083,Riley Thomas,PAY0227,2569.0970369835723,04/10/2027
NET0499,Robin Thomas,PAY0590,3197.8115027998206,05/10/2027
NET0901,Jamie Wilson,PAY0705,571.4357727250608,06/10/2027
NET0017,Jordan Anderson,PAY0595,3613.3027717602686,07/10/2027
NET0162,Taylor Jackson,PAY0572,3408.9948136371377,08/10/2027
NET0797,Jordan Anderson,PAY0532,509.2138107086745,09/10/2027
NET0386,Taylor Johnson,PAY0765,2644.380275303547,10/10/2027
NET0628,Morgan Johnson,PAY0523,4556.50247293043,11/10/2027
NET0648,Riley Brown,PAY0228,,12/10/2027
NET0868,Riley Johnson,PAY0265,2359.2336475927973,13/10/2027
NET0811,Casey Moore,PAY0101,4528.706797467207,14/10/2027
NET0103,Jamie Thomas,PAY0011,3664.8485377460356,15/10/2027
NET0137,Avery Wilson,PAY0109,3931.093586739599,16/10/2027
NET0042,Jordan Brown,PAY0441,2921.5915416566245,17/10/2027
NET0596,Morgan Moore,PAY0816,4042.873557249019,18/10/2027
NET0948,Avery Davis,PAY0340,3420.937742521607,19/10/2027
NET0250,Jamie Davis,PAY0771,848.8540233963872,20/10/2027
NET0450,Morgan Davis,PAY0410,639.263842378369,21/10/2027
NET0169,Riley Smith,PAY0972,4244.377390833606,22/10/2027
NET0567,Casey Thomas,PAY0694,3522.2588517017325,23/10/2027
NET0379,Quinn Moore,PAY0661,3525.1066092801852,24/10/2027
NET0714,Riley Thomas,PAY0577,2088.4762955768074,25/10/2027
NET0173,Morgan Jackson,PAY0046,4157.5156129426805,26/10/2027
NET0426,Jamie Johnson,PAY0628,4223.600757911048,27/10/2027
NET0776,Jordan Taylor,PAY0663,2110.8458320824775,28/10/2027
NET0145,Riley Thomas,PAY0171,1297.3398661327064,29/10/2027
NET0281,Robin Taylor,PAY0364,3955.846299629015,30/10/2027
NET0990,Quinn Johnson,PAY0681,3636.63560470253,31/10/2027
NET0065,Morgan Moore,PAY0674,537.9411918031974,01/11/2027
NET0344,Jamie Anderson,PAY0255,2582.1163927552316,02/11/2027
NET0178,Riley Thomas,PAY0788,4713.1153223548745,03/11/2027
NET0608,Casey Brown,PAY0112,2500.599455402306,04/11/2027
NET0047,Avery Jackson,PAY0088,1496.8434411596504,05/11/2027
NET0783,Morgan Brown,PAY0937,589.017513490427,06/11/2027
NET0219,Robin Thomas,PAY0654,1765.1051771826637,07/11/2027
NET0813,Alex Johnson,PAY0609,4646.2941034986825,08/11/2027
NET0857,Avery Brown,PAY0550,2110.194585187752,09/11/2027
NET0330,Jordan Brown,PAY0832,904.8493368421767,10/11/2027
NET0141,Morgan Moore,PAY0917,3260.492189329598,11/11/2027
NET0559,Taylor Moore,PAY0719,1864.3033961792678,12/11/2027
NET0590,Avery Wilson,PAY0369,3730.1428839204054,13/11/2027
NET0701,Jamie Wilson,PAY0810,1554.160747010529,14/11/2027
NET0124,Taylor Thomas,PAY0038,2722.1390221479105,15/11/2027
NET0333,Jordan Brown,PAY0557,2133.496304344998,16/11/2027
NET0412,Jordan Jackson,PAY0429,1763.403611017543,17/11/2027
NET0695,Avery Johnson,PAY0709,4570.284155519415,18/11/2027
NET0756,Avery Brown,PAY0891,3681.3560294145445,19/11/2027
NET0856,Quinn Jackson,PAY0943,1440.8884460636173,20/11/2027
NET0831,Morgan Brown,PAY0946,1382.3905730931897,21/11/2027
NET0346,Quinn Jackson,PAY0519,4195.055617935675,22/11/2027
NET0437,Casey Jackson,PAY0548,2282.3878079597603,23/11/2027
NET0208,Alex Smith,PAY0411,4414.62304627943,24/11/2027
NET0824,Jamie Smith,PAY0597,3060.9600413699845,25/11/2027
NET0285,Morgan Johnson,PAY0412,3816.8524101672747,04/08/2026
NET0013,Jamie Moore,PAY0828,1975.3113338651747,08/03/2027
NET0247,Robin Wilson,PAY0857,2125.7038976579393,11/03/2027
NET0516,Riley Thomas,PAY0743,3470.792775238565,21/12/2026
NET0944,Jamie Davis,PAY0019,2643.9785898339546,16/04/2026
NET0730,Avery Moore,PAY0649,4642.027662402974,08/01/2027
NET0155,Quinn Davis,PAY0770,2475.988074119128,17/11/2026
NET0503,Robin Brown,PAY0160,3062.43707785404,27/07/2026
NET0107,Riley Brown,PAY0962,947.0013487190506,08/07/2027
NET0978,Taylor Wilson,PAY0244,4716.375311107203,15/07/2025
NET0140,Casey Smith,PAY0841,1963.4732894742292,21/05/2027
NET0494,Avery Smith,PAY0074,4222.529708574954,16/05/2025
NET0401,Casey Smith,PAY0001,2122.895328942551,27/11/2026
NET0281,Robin Taylor,PAY0364,3955.846299629015,30/10/2027
NET0291,Quinn Brown,PAY0513,1932.3677381701189,25/09/2027
NET0098,Alex Wilson,PAY0979,2330.3566463807233,17/08/2027
NET0848,Jordan Anderson,PAY0404,4985.327465300896,06/12/2025
NET0116,Avery Thomas,PAY0415,2232.7190583356223,01/08/2027
NET0844,Jamie Brown,PAY0802,4207.153236365262,01/04/2027
NET0896,Riley Smith,PAY0757,1180.6913577060116,14/01/2026
NET0794,Alex Anderson,PAY0754,1488.6605526839508,01/09/2026
NET0102,Jamie Johnson,PAY0057,,22/08/2025
NET0028,Taylor Anderson,PAY0125,526.1241233529233,07/03/2026
NET0366,Riley Thomas,PAY0662,3159.6767400262042,10/08/2026
NET0127,Jordan Davis,PAY0390,3808.2744896471063,27/09/2025
NET0122,Jordan Taylor,PAY0338,2155.6406934973074,22/10/2025
NET0733,Taylor Johnson,PAY0442,4744.229639166199,10/06/2025
NET0559,Taylor Moore,PAY0719,1864.3033961792678,12/11/2027
NET0197,Casey Wilson,PAY0870,1415.5560808104804,20/08/2027
NET0083,Riley Thomas,PAY0227,2569.0970369835723,04/10/2027
